Pàgina,URL nova,URL actual,Title,Meta description,H1,Keyword principal,Keywords secundàries
Inici,/,/,Jardineria a l'Empordà i Girona | New Tree,"Empresa de jardineria fundada el 1977. Disseny, construcció i manteniment de jardins a Figueres, Girona i l'Empordà. Demana pressupost sense compromís.",Convertim un desert en un jardí,jardineria Empordà,"empresa de jardineria Girona, jardiner Figueres, disseny de jardins, manteniment de jardins"
Empresa,/empresa/,/empresa/,Empresa de jardineria des de 1977 | New Tree,"New Tree, empresa de jardineria privada i pública fundada el 1977. Equip, maquinària i experiència a tota la província de Girona.",Una empresa de jardineria,empresa de jardineria Girona,"jardineria pública i privada, gestió del paisatge, jardiner Figueres, jardineria Empuriabrava"
Jardineria,/jardineria/,(nova; menú del PDF),Serveis de jardineria i paisatgisme | New Tree,"Disseny, reg, gespa, manteniment, podes i molt més. Tots els serveis de jardineria de New Tree a Figueres, Girona i l'Empordà.",Dissenyem jardins amb ànima,serveis de jardineria,"paisatgisme Empordà, disseny de jardins, jardiner Girona"
Disseny i construcció de jardins,/disseny-i-construccio-de-jardins/,/disseny-i-construccio-de-jardins/,Disseny i construcció de jardins a mida | New Tree,"Dissenyem i construïm jardins a mida a l'Empordà i Girona: proporció, unitat i línies que ressalten els punts forts de cada espai.",Disseny i construcció de jardins,disseny de jardins,"construcció de jardins Girona, paisatgista Empordà, jardí a mida"
Sistemes de reg,/sistemes-de-reg/,/sistemes-de-reg/,Sistemes de reg automàtic | New Tree,"Disseny i instal·lació de reg automàtic per a terrasses, parcs i jardins. Programable i independent. Assessorament a Girona i l'Empordà.",Sistemes de reg,reg automàtic jardí,"instal·lació de reg Girona, reg automàtic Figueres, estalvi d'aigua jardí"
Instal·lació de gespa,/installacio-de-gespa/,/instal%c2%b7lacio-de-gespa/,Instal·lació de gespa natural i artificial | New Tree,Instal·lem gespa natural i artificial de qualitat per a jardins amb infants i mascotes. T'assessorem sobre quina opció et convé. Girona i Empordà.,Instal·lació de gespa,instal·lació de gespa,"gespa artificial Girona, gespa natural Empordà, gespa artificial Figueres"
Manteniment de jardins,/manteniment-de-jardins/,/manteniment-de-jardins/,Manteniment de jardins professional | New Tree,"Manteniment expert de jardins: males herbes, podes, fertilitzants, gespa i reg. Mantén el teu jardí impecable a Girona i l'Empordà.",Manteniment de jardins,manteniment de jardins,"jardiner Girona, manteniment jardí Figueres, cura de jardins"
Jardins verticals,/jardins-verticals/,/jardins-verticals/,Jardins verticals i façanes vegetals | New Tree,"Jardins verticals per a interior i exterior: purifiquen l'aire, regulen la temperatura i aporten biodiversitat. Dissenys per a cases i empreses.",Jardins verticals,jardins verticals,"façana vegetal, jardí vertical Girona, construcció bioclimàtica"
Terres i substrats,/terres-i-substrats/,/terres-i-substrats/,"Terres, substrats i grava per a jardins | New Tree","Subministrament de terra i grava en sacs, box o camió per a jardins sostenibles. Millora el drenatge i protegeix les arrels. Girona i Empordà.",Terres i substrats,terra per a jardins,"grava jardí Girona, substrats, terra en sacs o camió"
Neteja de parcel·les,/neteja-de-parcelles/,/nateja-parceles/,Neteja de parcel·les a Girona i l'Empordà | New Tree,Servei de neteja de parcel·les a Girona i l'Empordà. Demana pressupost a New Tree i deixem el teu terreny net i a punt.,Neteja de parcel·les,neteja de parcel·les,"netejar parcel·la Girona, neteja de terrenys Figueres, desbrossament"
Tanques i murs de contenció,/tanques-i-murs/,/tanques-murs/,Tanques i murs de contenció | New Tree,Tanques metàl·liques i de fusta adaptades a l'entorn i murs de contenció per anivellar terrenys. Girona i l'Empordà. Demana pressupost.,Tanques i murs de contenció,murs de contenció,"tanques de fusta Girona, tanques metàl·liques, anivellar terrenys"
Podes,/podes/,/podes/,Servei de podes d'arbres | New Tree,"Poda professional d'arbres per millorar-ne la salut, evitar caigudes de branques i reequilibrar copes. Girona i l'Empordà. Demana pressupost.",Servei de podes,poda d'arbres,"podes Girona, podador Figueres, poda de copes"
Obra pública,/obra-publica/,/jardineria-2/,Jardineria per a obra pública i ajuntaments | New Tree,Molts ajuntaments confien en New Tree per a la seva obra pública. Més de 50 anys d'experiència en jardineria pública a Girona.,Obra pública,jardineria obra pública,"jardineria per a ajuntaments, jardineria municipal Girona"
Galeria,/galeria/,/galeria-esp/,Galeria de jardins i projectes | New Tree,"Descobreix la galeria de jardins i projectes de New Tree: disseny, gespa, murs, jardins verticals i molt més a Girona i l'Empordà.",Galeria,galeria de jardins,"projectes de jardineria Girona, fotos de jardins, treballs New Tree"
Plantes exemplars,/plantes-exemplars/,/plantas-ejemplares/,Plantes exemplars per al teu jardí | New Tree,Plantes i arbres exemplars per donar personalitat al teu jardí. Visita New Tree a Calabuig – Bàscara (Girona) o demana'ns informació.,Plantes exemplars,plantes exemplars,"arbres exemplars Girona, viver Bàscara, plantes per a jardí"
Situació i contacte,/situacio-i-contacte/,/situacion-y-contacto/,"Contacte i ubicació | New Tree a Bàscara, Girona","Contacta amb New Tree: Camí de Reg de la Vinya s/n, Calabuig – Bàscara (Girona). Tel. 972 560 033 · info@newtree.cat. Demana pressupost.",Situació i contacte,New Tree jardineria contacte,"jardineria Bàscara, jardiner Girona telèfon, pressupost jardineria"
